id,name,product_type,start_time_utc,end_time_utc,origin_date,publication_date,online,s3_path
acd0b608-aa94-4666-8a3c-ec0bce095d06,S5P_NRTI_L2__SO2____20260417T071950_20260417T072450_44093_03_020800_20260417T080001.nc,L2__SO2___,2026-04-17T07:19:44.000000Z,2026-04-17T07:24:57.000000Z,2026-04-17T08:02:27.521000Z,2026-04-17T08:04:24.327611Z,True,/eodata/Sentinel-5P/TROPOMI/L2__SO2___/2026/04/17/S5P_NRTI_L2__SO2____20260417T071950_20260417T072450_44093_03_020800_20260417T080001.nc
74df7990-d6e3-4025-bed3-67a0ecd055e9,S5P_NRTI_L2__SO2____20260417T071450_20260417T071950_44093_03_020800_20260417T075527.nc,L2__SO2___,2026-04-17T07:14:45.000000Z,2026-04-17T07:19:56.000000Z,2026-04-17T07:57:57.522000Z,2026-04-17T08:00:23.529388Z,True,/eodata/Sentinel-5P/TROPOMI/L2__SO2___/2026/04/17/S5P_NRTI_L2__SO2____20260417T071450_20260417T071950_44093_03_020800_20260417T075527.nc
7905ca07-f38b-44e9-baf2-53667fec9d28,S5P_NRTI_L2__SO2____20260417T053950_20260417T054450_44092_03_020800_20260417T061653.nc,L2__SO2___,2026-04-17T05:39:44.000000Z,2026-04-17T05:44:56.000000Z,2026-04-17T06:18:57.586000Z,2026-04-17T06:21:21.028775Z,True,/eodata/Sentinel-5P/TROPOMI/L2__SO2___/2026/04/17/S5P_NRTI_L2__SO2____20260417T053950_20260417T054450_44092_03_020800_20260417T061653.nc
62155e2c-3118-4d0e-893a-442bc9a0a379,S5P_NRTI_L2__SO2____20260417T053450_20260417T053950_44092_03_020800_20260417T061501.nc,L2__SO2___,2026-04-17T05:34:45.000000Z,2026-04-17T05:39:56.000000Z,2026-04-17T06:17:27.550000Z,2026-04-17T06:19:14.959489Z,True,/eodata/Sentinel-5P/TROPOMI/L2__SO2___/2026/04/17/S5P_NRTI_L2__SO2____20260417T053450_20260417T053950_44092_03_020800_20260417T061501.nc
62a5e445-2ab6-4c22-ace3-68790102c16d,S5P_NRTI_L2__SO2____20260416T055450_20260416T055950_44078_03_020800_20260416T063431.nc,L2__SO2___,2026-04-16T05:54:45.000000Z,2026-04-16T05:59:56.000000Z,2026-04-16T06:37:27.470000Z,2026-04-16T06:39:50.240711Z,True,/eodata/Sentinel-5P/TROPOMI/L2__SO2___/2026/04/16/S5P_NRTI_L2__SO2____20260416T055450_20260416T055950_44078_03_020800_20260416T063431.nc
688a9394-7dc3-4b5a-b362-4cc8ffc4ceeb,S5P_NRTI_L2__SO2____20260416T054950_20260416T055450_44078_03_020800_20260416T063304.nc,L2__SO2___,2026-04-16T05:49:44.000000Z,2026-04-16T05:54:56.000000Z,2026-04-16T06:35:27.645000Z,2026-04-16T06:37:36.427549Z,True,/eodata/Sentinel-5P/TROPOMI/L2__SO2___/2026/04/16/S5P_NRTI_L2__SO2____20260416T054950_20260416T055450_44078_03_020800_20260416T063304.nc
b7e1cbd1-2cf4-4cde-a901-d3f3199bb239,S5P_NRTI_L2__SO2____20260415T061450_20260415T061950_44064_03_020800_20260415T065224.nc,L2__SO2___,2026-04-15T06:14:45.000000Z,2026-04-15T06:19:56.000000Z,2026-04-15T06:54:56.699000Z,2026-04-15T06:57:12.209932Z,True,/eodata/Sentinel-5P/TROPOMI/L2__SO2___/2026/04/15/S5P_NRTI_L2__SO2____20260415T061450_20260415T061950_44064_03_020800_20260415T065224.nc
cc059a81-162c-4332-b832-aedcacc26d34,S5P_NRTI_L2__SO2____20260415T060950_20260415T061450_44064_03_020800_20260415T065259.nc,L2__SO2___,2026-04-15T06:09:44.000000Z,2026-04-15T06:14:56.000000Z,2026-04-15T06:55:27.191000Z,2026-04-15T06:57:11.685998Z,True,/eodata/Sentinel-5P/TROPOMI/L2__SO2___/2026/04/15/S5P_NRTI_L2__SO2____20260415T060950_20260415T061450_44064_03_020800_20260415T065259.nc
ee026d98-2f59-4078-975c-4bbd9dcb2875,S5P_OFFL_L2__SO2____20260415T052413_20260415T070543_44064_03_020800_20260417T034519.nc,L2__SO2___,2026-04-15T05:45:48.000000Z,2026-04-15T06:44:11.000000Z,2026-04-17T04:25:44.520000Z,2026-04-17T04:28:33.966971Z,True,/eodata/Sentinel-5P/TROPOMI/L2__SO2___/2026/04/15/S5P_OFFL_L2__SO2____20260415T052413_20260415T070543_44064_03_020800_20260417T034519.nc
98dc1ee2-8125-4301-a47e-978d505a1a05,S5P_NRTI_L2__O3_____20260417T071950_20260417T072450_44093_03_020800_20260417T075852.nc,L2__O3____,2026-04-17T07:19:44.000000Z,2026-04-17T07:24:57.000000Z,2026-04-17T08:00:27.165000Z,2026-04-17T08:02:28.360756Z,True,/eodata/Sentinel-5P/TROPOMI/L2__O3____/2026/04/17/S5P_NRTI_L2__O3_____20260417T071950_20260417T072450_44093_03_020800_20260417T075852.nc
db9e747c-597f-415c-a935-3aa90e7b3509,S5P_NRTI_L2__O3_____20260417T071450_20260417T071950_44093_03_020800_20260417T075428.nc,L2__O3____,2026-04-17T07:14:45.000000Z,2026-04-17T07:19:56.000000Z,2026-04-17T07:55:57.151000Z,2026-04-17T07:58:48.937646Z,True,/eodata/Sentinel-5P/TROPOMI/L2__O3____/2026/04/17/S5P_NRTI_L2__O3_____20260417T071450_20260417T071950_44093_03_020800_20260417T075428.nc
e44fd670-f552-481d-9ad9-6d353a483d5e,S5P_NRTI_L2__O3_____20260417T053950_20260417T054450_44092_03_020800_20260417T061532.nc,L2__O3____,2026-04-17T05:39:44.000000Z,2026-04-17T05:44:56.000000Z,2026-04-17T06:16:58.533000Z,2026-04-17T06:19:15.026093Z,True,/eodata/Sentinel-5P/TROPOMI/L2__O3____/2026/04/17/S5P_NRTI_L2__O3_____20260417T053950_20260417T054450_44092_03_020800_20260417T061532.nc
2ba9d04b-e75b-4add-8d0d-e20113a4747e,S5P_NRTI_L2__O3_____20260417T053450_20260417T053950_44092_03_020800_20260417T061308.nc,L2__O3____,2026-04-17T05:34:45.000000Z,2026-04-17T05:39:56.000000Z,2026-04-17T06:15:27.114000Z,2026-04-17T06:17:09.466285Z,True,/eodata/Sentinel-5P/TROPOMI/L2__O3____/2026/04/17/S5P_NRTI_L2__O3_____20260417T053450_20260417T053950_44092_03_020800_20260417T061308.nc
8caee2fe-8c2b-478c-8147-5013cd4b36b2,S5P_NRTI_L2__O3_____20260416T055450_20260416T055950_44078_03_020800_20260416T063242.nc,L2__O3____,2026-04-16T05:54:45.000000Z,2026-04-16T05:59:56.000000Z,2026-04-16T06:34:57.315000Z,2026-04-16T06:36:31.785593Z,True,/eodata/Sentinel-5P/TROPOMI/L2__O3____/2026/04/16/S5P_NRTI_L2__O3_____20260416T055450_20260416T055950_44078_03_020800_20260416T063242.nc
261c52d7-8a7e-4090-b8cf-b146132cad6d,S5P_NRTI_L2__O3_____20260416T054950_20260416T055450_44078_03_020800_20260416T063030.nc,L2__O3____,2026-04-16T05:49:44.000000Z,2026-04-16T05:54:56.000000Z,2026-04-16T06:33:26.816000Z,2026-04-16T06:35:18.427180Z,True,/eodata/Sentinel-5P/TROPOMI/L2__O3____/2026/04/16/S5P_NRTI_L2__O3_____20260416T054950_20260416T055450_44078_03_020800_20260416T063030.nc
88294629-0056-44d2-85eb-ea4752e73c5e,S5P_NRTI_L2__O3_____20260415T061450_20260415T061950_44064_03_020800_20260415T065105.nc,L2__O3____,2026-04-15T06:14:45.000000Z,2026-04-15T06:19:56.000000Z,2026-04-15T06:52:57.066000Z,2026-04-15T06:55:07.047862Z,True,/eodata/Sentinel-5P/TROPOMI/L2__O3____/2026/04/15/S5P_NRTI_L2__O3_____20260415T061450_20260415T061950_44064_03_020800_20260415T065105.nc
1521802e-72c2-46e6-ab1f-1751bf9cee42,S5P_NRTI_L2__O3_____20260415T060950_20260415T061450_44064_03_020800_20260415T065146.nc,L2__O3____,2026-04-15T06:09:44.000000Z,2026-04-15T06:14:56.000000Z,2026-04-15T06:53:26.420000Z,2026-04-15T06:55:07.443107Z,True,/eodata/Sentinel-5P/TROPOMI/L2__O3____/2026/04/15/S5P_NRTI_L2__O3_____20260415T060950_20260415T061450_44064_03_020800_20260415T065146.nc
b4f1664f-5f2b-48a4-af80-cc756dd5ecb5,S5P_OFFL_L2__O3_____20260415T052413_20260415T070543_44064_03_020800_20260416T214601.nc,L2__O3____,2026-04-15T05:45:48.000000Z,2026-04-15T06:44:11.000000Z,2026-04-17T03:35:00.784000Z,2026-04-17T03:37:45.066177Z,True,/eodata/Sentinel-5P/TROPOMI/L2__O3____/2026/04/15/S5P_OFFL_L2__O3_____20260415T052413_20260415T070543_44064_03_020800_20260416T214601.nc
a29e2b9b-81a1-4a99-a490-25bb5dde716e,S5P_NRTI_L2__NO2____20260417T071950_20260417T072450_44093_03_020901_20260417T075855.nc,L2__NO2___,2026-04-17T07:19:44.000000Z,2026-04-17T07:24:57.000000Z,2026-04-17T08:01:27.283000Z,2026-04-17T08:03:21.867766Z,True,/eodata/Sentinel-5P/TROPOMI/L2__NO2___/2026/04/17/S5P_NRTI_L2__NO2____20260417T071950_20260417T072450_44093_03_020901_20260417T075855.nc
a22f2dc8-7e35-4bd4-940b-1cfe8b680f9f,S5P_NRTI_L2__NO2____20260417T071450_20260417T071950_44093_03_020901_20260417T075431.nc,L2__NO2___,2026-04-17T07:14:45.000000Z,2026-04-17T07:19:56.000000Z,2026-04-17T07:57:27.486000Z,2026-04-17T07:59:25.619682Z,True,/eodata/Sentinel-5P/TROPOMI/L2__NO2___/2026/04/17/S5P_NRTI_L2__NO2____20260417T071450_20260417T071950_44093_03_020901_20260417T075431.nc
39edd198-a009-4c7e-a1e3-d6e5bda5f089,S5P_NRTI_L2__NO2____20260417T053950_20260417T054450_44092_03_020901_20260417T061536.nc,L2__NO2___,2026-04-17T05:39:44.000000Z,2026-04-17T05:44:56.000000Z,2026-04-17T06:18:57.176000Z,2026-04-17T06:21:20.387066Z,True,/eodata/Sentinel-5P/TROPOMI/L2__NO2___/2026/04/17/S5P_NRTI_L2__NO2____20260417T053950_20260417T054450_44092_03_020901_20260417T061536.nc
1055a615-429f-40bb-bfc8-ee519486caf2,S5P_NRTI_L2__NO2____20260417T053450_20260417T053950_44092_03_020901_20260417T061312.nc,L2__NO2___,2026-04-17T05:34:45.000000Z,2026-04-17T05:39:56.000000Z,2026-04-17T06:17:27.737000Z,2026-04-17T06:19:15.071365Z,True,/eodata/Sentinel-5P/TROPOMI/L2__NO2___/2026/04/17/S5P_NRTI_L2__NO2____20260417T053450_20260417T053950_44092_03_020901_20260417T061312.nc
ff4052ab-e03a-4a14-8dbf-b16967c6e6ff,S5P_NRTI_L2__NO2____20260416T055450_20260416T055950_44078_03_020901_20260416T063246.nc,L2__NO2___,2026-04-16T05:54:45.000000Z,2026-04-16T05:59:56.000000Z,2026-04-16T06:36:27.047000Z,2026-04-16T06:38:40.713672Z,True,/eodata/Sentinel-5P/TROPOMI/L2__NO2___/2026/04/16/S5P_NRTI_L2__NO2____20260416T055450_20260416T055950_44078_03_020901_20260416T063246.nc
6986a6b9-04df-410b-acf2-c714fc69712e,S5P_NRTI_L2__NO2____20260416T054950_20260416T055450_44078_03_020901_20260416T063034.nc,L2__NO2___,2026-04-16T05:49:44.000000Z,2026-04-16T05:54:56.000000Z,2026-04-16T06:35:56.954000Z,2026-04-16T06:37:27.433790Z,True,/eodata/Sentinel-5P/TROPOMI/L2__NO2___/2026/04/16/S5P_NRTI_L2__NO2____20260416T054950_20260416T055450_44078_03_020901_20260416T063034.nc
28dc6c01-f43d-4e5b-be29-9bacd6f057d7,S5P_NRTI_L2__NO2____20260415T061450_20260415T061950_44064_03_020901_20260415T065111.nc,L2__NO2___,2026-04-15T06:14:45.000000Z,2026-04-15T06:19:56.000000Z,2026-04-15T06:55:56.536000Z,2026-04-15T06:58:13.560664Z,True,/eodata/Sentinel-5P/TROPOMI/L2__NO2___/2026/04/15/S5P_NRTI_L2__NO2____20260415T061450_20260415T061950_44064_03_020901_20260415T065111.nc
dba608ef-f691-4acd-ae91-a80da448fc01,S5P_NRTI_L2__NO2____20260415T060950_20260415T061450_44064_03_020901_20260415T065150.nc,L2__NO2___,2026-04-15T06:09:44.000000Z,2026-04-15T06:14:56.000000Z,2026-04-15T06:55:26.534000Z,2026-04-15T06:57:10.907315Z,True,/eodata/Sentinel-5P/TROPOMI/L2__NO2___/2026/04/15/S5P_NRTI_L2__NO2____20260415T060950_20260415T061450_44064_03_020901_20260415T065150.nc
a06995c6-0aea-45f1-a1ff-cdce25dafa71,S5P_NRTI_L2__HCHO___20260417T071950_20260417T072450_44093_03_020800_20260417T075853.nc,L2__HCHO__,2026-04-17T07:19:44.000000Z,2026-04-17T07:24:57.000000Z,2026-04-17T08:00:57.622000Z,2026-04-17T08:03:20.465168Z,True,/eodata/Sentinel-5P/TROPOMI/L2__HCHO__/2026/04/17/S5P_NRTI_L2__HCHO___20260417T071950_20260417T072450_44093_03_020800_20260417T075853.nc
1e7ce82b-a913-4d98-a7c2-f0ad25f7fdcd,S5P_NRTI_L2__HCHO___20260417T071450_20260417T071950_44093_03_020800_20260417T075430.nc,L2__HCHO__,2026-04-17T07:14:45.000000Z,2026-04-17T07:19:56.000000Z,2026-04-17T07:56:27.278000Z,2026-04-17T07:58:41.790671Z,True,/eodata/Sentinel-5P/TROPOMI/L2__HCHO__/2026/04/17/S5P_NRTI_L2__HCHO___20260417T071450_20260417T071950_44093_03_020800_20260417T075430.nc
bc8bd38f-ca9d-4ed1-863e-db15f6005f71,S5P_NRTI_L2__HCHO___20260417T053950_20260417T054450_44092_03_020800_20260417T061534.nc,L2__HCHO__,2026-04-17T05:39:44.000000Z,2026-04-17T05:44:56.000000Z,2026-04-17T06:18:27.382000Z,2026-04-17T06:20:16.966055Z,True,/eodata/Sentinel-5P/TROPOMI/L2__HCHO__/2026/04/17/S5P_NRTI_L2__HCHO___20260417T053950_20260417T054450_44092_03_020800_20260417T061534.nc
5265b10a-9ebc-40da-bd9b-be24fc5d9f49,S5P_NRTI_L2__HCHO___20260417T053450_20260417T053950_44092_03_020800_20260417T061310.nc,L2__HCHO__,2026-04-17T05:34:45.000000Z,2026-04-17T05:39:56.000000Z,2026-04-17T06:16:58.004000Z,2026-04-17T06:19:14.925488Z,True,/eodata/Sentinel-5P/TROPOMI/L2__HCHO__/2026/04/17/S5P_NRTI_L2__HCHO___20260417T053450_20260417T053950_44092_03_020800_20260417T061310.nc
971d19b1-98a9-4c36-8881-26d58373deaf,S5P_NRTI_L2__HCHO___20260416T055450_20260416T055950_44078_03_020800_20260416T063244.nc,L2__HCHO__,2026-04-16T05:54:45.000000Z,2026-04-16T05:59:56.000000Z,2026-04-16T06:35:57.350000Z,2026-04-16T06:37:28.596631Z,True,/eodata/Sentinel-5P/TROPOMI/L2__HCHO__/2026/04/16/S5P_NRTI_L2__HCHO___20260416T055450_20260416T055950_44078_03_020800_20260416T063244.nc
6c9cffa8-cc7e-48bd-af63-3673d94d5ba0,S5P_NRTI_L2__HCHO___20260416T054950_20260416T055450_44078_03_020800_20260416T063032.nc,L2__HCHO__,2026-04-16T05:49:44.000000Z,2026-04-16T05:54:56.000000Z,2026-04-16T06:34:56.940000Z,2026-04-16T06:36:45.143237Z,True,/eodata/Sentinel-5P/TROPOMI/L2__HCHO__/2026/04/16/S5P_NRTI_L2__HCHO___20260416T054950_20260416T055450_44078_03_020800_20260416T063032.nc
90898541-a96f-4b55-b14e-c9041f7edca4,S5P_NRTI_L2__HCHO___20260415T061450_20260415T061950_44064_03_020800_20260415T065108.nc,L2__HCHO__,2026-04-15T06:14:45.000000Z,2026-04-15T06:19:56.000000Z,2026-04-15T06:53:56.563000Z,2026-04-15T06:56:10.422933Z,True,/eodata/Sentinel-5P/TROPOMI/L2__HCHO__/2026/04/15/S5P_NRTI_L2__HCHO___20260415T061450_20260415T061950_44064_03_020800_20260415T065108.nc
d39d3c93-7871-4c2b-a2a2-7ab2a4705e49,S5P_NRTI_L2__HCHO___20260415T060950_20260415T061450_44064_03_020800_20260415T065148.nc,L2__HCHO__,2026-04-15T06:09:44.000000Z,2026-04-15T06:14:56.000000Z,2026-04-15T06:54:26.607000Z,2026-04-15T06:56:10.544119Z,True,/eodata/Sentinel-5P/TROPOMI/L2__HCHO__/2026/04/15/S5P_NRTI_L2__HCHO___20260415T060950_20260415T061450_44064_03_020800_20260415T065148.nc
b5d97c3f-d03c-482f-beb6-6cd4a4a5cb21,S5P_OFFL_L2__HCHO___20260415T052413_20260415T070543_44064_03_020800_20260417T034519.nc,L2__HCHO__,2026-04-15T05:45:48.000000Z,2026-04-15T06:44:11.000000Z,2026-04-17T04:25:38.543000Z,2026-04-17T04:28:04.617865Z,True,/eodata/Sentinel-5P/TROPOMI/L2__HCHO__/2026/04/15/S5P_OFFL_L2__HCHO___20260415T052413_20260415T070543_44064_03_020800_20260417T034519.nc
7939adc1-5cfd-4afa-8203-f5349487db5c,S5P_NRTI_L2__CO_____20260417T071950_20260417T072450_44093_03_020901_20260417T074937.nc,L2__CO____,2026-04-17T07:19:44.000000Z,2026-04-17T07:24:57.000000Z,2026-04-17T07:58:57.435000Z,2026-04-17T08:01:20.498341Z,True,/eodata/Sentinel-5P/TROPOMI/L2__CO____/2026/04/17/S5P_NRTI_L2__CO_____20260417T071950_20260417T072450_44093_03_020901_20260417T074937.nc
cb363644-8067-4610-b33a-c01ee6c25c1b,S5P_NRTI_L2__CO_____20260417T071450_20260417T071950_44093_03_020901_20260417T074917.nc,L2__CO____,2026-04-17T07:14:45.000000Z,2026-04-17T07:19:56.000000Z,2026-04-17T07:52:58.650000Z,2026-04-17T08:02:13.729540Z,True,/eodata/Sentinel-5P/TROPOMI/L2__CO____/2026/04/17/S5P_NRTI_L2__CO_____20260417T071450_20260417T071950_44093_03_020901_20260417T074917.nc
0bc8e376-e957-4bca-8e80-3fbf0b9a4820,S5P_NRTI_L2__CO_____20260417T053950_20260417T054450_44092_03_020901_20260417T060925.nc,L2__CO____,2026-04-17T05:39:44.000000Z,2026-04-17T05:44:56.000000Z,2026-04-17T06:15:57.536000Z,2026-04-17T06:18:00.229482Z,True,/eodata/Sentinel-5P/TROPOMI/L2__CO____/2026/04/17/S5P_NRTI_L2__CO_____20260417T053950_20260417T054450_44092_03_020901_20260417T060925.nc
bbfe88ea-961a-44bc-971f-4e106c3f9493,S5P_NRTI_L2__CO_____20260417T053450_20260417T053950_44092_03_020901_20260417T060903.nc,L2__CO____,2026-04-17T05:34:45.000000Z,2026-04-17T05:39:56.000000Z,2026-04-17T06:13:27.024000Z,2026-04-17T06:15:06.675147Z,True,/eodata/Sentinel-5P/TROPOMI/L2__CO____/2026/04/17/S5P_NRTI_L2__CO_____20260417T053450_20260417T053950_44092_03_020901_20260417T060903.nc
8496ccef-44de-4b57-9bab-083a6b616e68,S5P_NRTI_L2__CO_____20260416T055450_20260416T055950_44078_03_020901_20260416T062657.nc,L2__CO____,2026-04-16T05:54:45.000000Z,2026-04-16T05:59:56.000000Z,2026-04-16T06:32:57.091000Z,2026-04-16T06:34:42.911768Z,True,/eodata/Sentinel-5P/TROPOMI/L2__CO____/2026/04/16/S5P_NRTI_L2__CO_____20260416T055450_20260416T055950_44078_03_020901_20260416T062657.nc
2f3cd878-ecbb-4f18-b3af-3130ffc3f2a5,S5P_NRTI_L2__CO_____20260416T054950_20260416T055450_44078_03_020901_20260416T062641.nc,L2__CO____,2026-04-16T05:49:44.000000Z,2026-04-16T05:54:56.000000Z,2026-04-16T06:30:26.886000Z,2026-04-16T06:32:19.487123Z,True,/eodata/Sentinel-5P/TROPOMI/L2__CO____/2026/04/16/S5P_NRTI_L2__CO_____20260416T054950_20260416T055450_44078_03_020901_20260416T062641.nc
9b525062-1920-42ef-8bfb-dacd56102318,S5P_NRTI_L2__CO_____20260415T061450_20260415T061950_44064_03_020901_20260415T064531.nc,L2__CO____,2026-04-15T06:14:45.000000Z,2026-04-15T06:19:56.000000Z,2026-04-15T06:51:26.462000Z,2026-04-15T06:53:13.127590Z,True,/eodata/Sentinel-5P/TROPOMI/L2__CO____/2026/04/15/S5P_NRTI_L2__CO_____20260415T061450_20260415T061950_44064_03_020901_20260415T064531.nc
03970c7f-feb5-4501-91e0-5681b49f2cb7,S5P_NRTI_L2__CO_____20260415T060950_20260415T061450_44064_03_020901_20260415T064615.nc,L2__CO____,2026-04-15T06:09:44.000000Z,2026-04-15T06:14:56.000000Z,2026-04-15T06:50:26.477000Z,2026-04-15T06:52:08.260399Z,True,/eodata/Sentinel-5P/TROPOMI/L2__CO____/2026/04/15/S5P_NRTI_L2__CO_____20260415T060950_20260415T061450_44064_03_020901_20260415T064615.nc
f63e8768-65a5-45fc-9ba3-81c086b5ee96,S5P_OFFL_L2__CO_____20260415T052413_20260415T070543_44064_03_020901_20260416T191820.nc,L2__CO____,2026-04-15T05:45:48.000000Z,2026-04-15T06:44:11.000000Z,2026-04-16T21:35:00.929000Z,2026-04-16T21:37:39.059756Z,True,/eodata/Sentinel-5P/TROPOMI/L2__CO____/2026/04/15/S5P_OFFL_L2__CO_____20260415T052413_20260415T070543_44064_03_020901_20260416T191820.nc
f1fea4af-c224-4852-90e1-25f66db1806b,S5P_NRTI_L2__CH4____20260417T071950_20260417T072450_44093_03_020901_20260417T075852.nc,L2__CH4___,2026-04-17T07:19:44.000000Z,2026-04-17T07:24:57.000000Z,2026-04-17T08:36:56.987000Z,2026-04-17T08:38:24.237636Z,True,/eodata/Sentinel-5P/TROPOMI/L2__CH4___/2026/04/17/S5P_NRTI_L2__CH4____20260417T071950_20260417T072450_44093_03_020901_20260417T075852.nc
0b6f5ce3-bfd2-427c-8525-060b346e8b6b,S5P_NRTI_L2__CH4____20260417T071450_20260417T071950_44093_03_020901_20260417T075429.nc,L2__CH4___,2026-04-17T07:14:45.000000Z,2026-04-17T07:19:56.000000Z,2026-04-17T08:16:56.965000Z,2026-04-17T08:18:31.962336Z,True,/eodata/Sentinel-5P/TROPOMI/L2__CH4___/2026/04/17/S5P_NRTI_L2__CH4____20260417T071450_20260417T071950_44093_03_020901_20260417T075429.nc
b54c946b-8d78-4912-8053-03c2b867500f,S5P_NRTI_L2__CH4____20260417T053950_20260417T054450_44092_03_020901_20260417T061533.nc,L2__CH4___,2026-04-17T05:39:44.000000Z,2026-04-17T05:44:56.000000Z,2026-04-17T07:04:56.987000Z,2026-04-17T07:06:37.933242Z,True,/eodata/Sentinel-5P/TROPOMI/L2__CH4___/2026/04/17/S5P_NRTI_L2__CH4____20260417T053950_20260417T054450_44092_03_020901_20260417T061533.nc
5bc4acaa-8c53-456d-83ac-dee3daf555ae,S5P_NRTI_L2__CH4____20260417T053450_20260417T053950_44092_03_020901_20260417T061309.nc,L2__CH4___,2026-04-17T05:34:45.000000Z,2026-04-17T05:39:56.000000Z,2026-04-17T06:47:26.895000Z,2026-04-17T06:49:23.797532Z,True,/eodata/Sentinel-5P/TROPOMI/L2__CH4___/2026/04/17/S5P_NRTI_L2__CH4____20260417T053450_20260417T053950_44092_03_020901_20260417T061309.nc
ba490614-dd1a-4b38-9857-e64c2728ebf1,S5P_NRTI_L2__CH4____20260416T055450_20260416T055950_44078_03_020901_20260416T063243.nc,L2__CH4___,2026-04-16T05:54:45.000000Z,2026-04-16T05:59:56.000000Z,2026-04-16T06:58:26.567000Z,2026-04-16T07:00:49.636492Z,True,/eodata/Sentinel-5P/TROPOMI/L2__CH4___/2026/04/16/S5P_NRTI_L2__CH4____20260416T055450_20260416T055950_44078_03_020901_20260416T063243.nc
9500f3c6-942c-4477-a2e5-e69de1bc762f,S5P_NRTI_L2__CH4____20260416T054950_20260416T055450_44078_03_020901_20260416T063031.nc,L2__CH4___,2026-04-16T05:49:44.000000Z,2026-04-16T05:54:56.000000Z,2026-04-16T06:35:56.604000Z,2026-04-16T06:37:31.150016Z,True,/eodata/Sentinel-5P/TROPOMI/L2__CH4___/2026/04/16/S5P_NRTI_L2__CH4____20260416T054950_20260416T055450_44078_03_020901_20260416T063031.nc
cb1235ca-f03f-4490-9fb2-50129dfaf497,S5P_NRTI_L2__CH4____20260415T061450_20260415T061950_44064_03_020901_20260415T065107.nc,L2__CH4___,2026-04-15T06:14:45.000000Z,2026-04-15T06:19:56.000000Z,2026-04-15T07:05:26.168000Z,2026-04-15T07:07:42.738811Z,True,/eodata/Sentinel-5P/TROPOMI/L2__CH4___/2026/04/15/S5P_NRTI_L2__CH4____20260415T061450_20260415T061950_44064_03_020901_20260415T065107.nc
92816bd5-6975-4d7a-8a9a-58f4ca243278,S5P_NRTI_L2__CH4____20260415T060950_20260415T061450_44064_03_020901_20260415T065147.nc,L2__CH4___,2026-04-15T06:09:44.000000Z,2026-04-15T06:14:56.000000Z,2026-04-15T06:56:26.156000Z,2026-04-15T06:58:12.933434Z,True,/eodata/Sentinel-5P/TROPOMI/L2__CH4___/2026/04/15/S5P_NRTI_L2__CH4____20260415T060950_20260415T061450_44064_03_020901_20260415T065147.nc
b90ee48a-62b7-46be-acd6-b747d0e77ea7,S5P_OFFL_L2__CH4____20260415T052413_20260415T070543_44064_03_020901_20260416T214601.nc,L2__CH4___,2026-04-15T05:45:48.000000Z,2026-04-15T06:44:11.000000Z,2026-04-17T02:40:00.003000Z,2026-04-17T02:41:34.039073Z,True,/eodata/Sentinel-5P/TROPOMI/L2__CH4___/2026/04/15/S5P_OFFL_L2__CH4____20260415T052413_20260415T070543_44064_03_020901_20260416T214601.nc
f45bf37d-7dad-4861-8c7c-aeab9b1bcbe0,S5P_NRTI_L2__AER_AI_20260417T071950_20260417T072450_44093_03_020901_20260417T074942.nc,L2__AER_AI,2026-04-17T07:19:44.000000Z,2026-04-17T07:24:57.000000Z,2026-04-17T07:56:57.110000Z,2026-04-17T07:59:24.012638Z,True,/eodata/Sentinel-5P/TROPOMI/L2__AER_AI/2026/04/17/S5P_NRTI_L2__AER_AI_20260417T071950_20260417T072450_44093_03_020901_20260417T074942.nc
34a02747-b014-46e1-8590-c2393d4d2e08,S5P_NRTI_L2__AER_AI_20260417T071450_20260417T071950_44093_03_020901_20260417T074936.nc,L2__AER_AI,2026-04-17T07:14:45.000000Z,2026-04-17T07:19:56.000000Z,2026-04-17T07:54:57.060000Z,2026-04-17T07:57:18.711383Z,True,/eodata/Sentinel-5P/TROPOMI/L2__AER_AI/2026/04/17/S5P_NRTI_L2__AER_AI_20260417T071450_20260417T071950_44093_03_020901_20260417T074936.nc
d89047ba-9b71-43e4-8b0c-5776eb42295e,S5P_NRTI_L2__AER_AI_20260417T053950_20260417T054450_44092_03_020901_20260417T060928.nc,L2__AER_AI,2026-04-17T05:39:44.000000Z,2026-04-17T05:44:56.000000Z,2026-04-17T06:13:58.344000Z,2026-04-17T06:16:08.870400Z,True,/eodata/Sentinel-5P/TROPOMI/L2__AER_AI/2026/04/17/S5P_NRTI_L2__AER_AI_20260417T053950_20260417T054450_44092_03_020901_20260417T060928.nc
42e51764-4fa0-4db3-a564-062d8ee5010b,S5P_NRTI_L2__AER_AI_20260417T053450_20260417T053950_44092_03_020901_20260417T060905.nc,L2__AER_AI,2026-04-17T05:34:45.000000Z,2026-04-17T05:39:56.000000Z,2026-04-17T06:11:57.769000Z,2026-04-17T06:14:05.217174Z,True,/eodata/Sentinel-5P/TROPOMI/L2__AER_AI/2026/04/17/S5P_NRTI_L2__AER_AI_20260417T053450_20260417T053950_44092_03_020901_20260417T060905.nc
8e7154c0-4a4c-4ee6-867d-8656757f116c,S5P_NRTI_L2__AER_AI_20260416T055450_20260416T055950_44078_03_020901_20260416T062700.nc,L2__AER_AI,2026-04-16T05:54:45.000000Z,2026-04-16T05:59:56.000000Z,2026-04-16T06:32:26.662000Z,2026-04-16T06:34:25.632450Z,True,/eodata/Sentinel-5P/TROPOMI/L2__AER_AI/2026/04/16/S5P_NRTI_L2__AER_AI_20260416T055450_20260416T055950_44078_03_020901_20260416T062700.nc
4a348c3c-7c8b-40b6-8dc7-c87f5588314c,S5P_NRTI_L2__AER_AI_20260416T054950_20260416T055450_44078_03_020901_20260416T062645.nc,L2__AER_AI,2026-04-16T05:49:44.000000Z,2026-04-16T05:54:56.000000Z,2026-04-16T06:30:56.679000Z,2026-04-16T06:33:50.048102Z,True,/eodata/Sentinel-5P/TROPOMI/L2__AER_AI/2026/04/16/S5P_NRTI_L2__AER_AI_20260416T054950_20260416T055450_44078_03_020901_20260416T062645.nc
4d317fb5-32d9-4015-9ef4-a5b33843e851,S5P_NRTI_L2__AER_AI_20260415T061450_20260415T061950_44064_03_020901_20260415T064537.nc,L2__AER_AI,2026-04-15T06:14:45.000000Z,2026-04-15T06:19:56.000000Z,2026-04-15T06:50:26.943000Z,2026-04-15T06:52:08.369600Z,True,/eodata/Sentinel-5P/TROPOMI/L2__AER_AI/2026/04/15/S5P_NRTI_L2__AER_AI_20260415T061450_20260415T061950_44064_03_020901_20260415T064537.nc
0808d652-1ed1-4619-88e3-a6899c3ea2b8,S5P_NRTI_L2__AER_AI_20260415T060950_20260415T061450_44064_03_020901_20260415T064618.nc,L2__AER_AI,2026-04-15T06:09:44.000000Z,2026-04-15T06:14:56.000000Z,2026-04-15T06:51:57.573000Z,2026-04-15T06:55:05.991017Z,True,/eodata/Sentinel-5P/TROPOMI/L2__AER_AI/2026/04/15/S5P_NRTI_L2__AER_AI_20260415T060950_20260415T061450_44064_03_020901_20260415T064618.nc
7e5d31a5-1680-405d-9cb4-bca366826e19,S5P_OFFL_L2__AER_AI_20260415T052413_20260415T070543_44064_03_020901_20260416T192402.nc,L2__AER_AI,2026-04-15T05:45:48.000000Z,2026-04-15T06:44:11.000000Z,2026-04-16T20:20:00.869000Z,2026-04-16T20:22:02.560114Z,True,/eodata/Sentinel-5P/TROPOMI/L2__AER_AI/2026/04/15/S5P_OFFL_L2__AER_AI_20260415T052413_20260415T070543_44064_03_020901_20260416T192402.nc
